frequency_kHz,area_mm2,RCA_STD,Dry_Wet,T21_T23,Voltage_V,Cm_pF
0.0,0.974025974025974,0.0,1.0,0.0,0.0,0.7890699696958239
0.0,0.974025974025974,0.0,1.0,0.0,0.020000000000000018,0.7867687969620198
0.0,0.974025974025974,0.0,1.0,0.0,0.039999999999999925,0.787978803282142
0.0,0.974025974025974,0.0,1.0,0.0,0.06000000000000005,0.7862880355223283
0.0,0.974025974025974,0.0,1.0,0.0,0.07999999999999996,0.7834466813956127
0.0,0.974025974025974,0.0,1.0,0.0,0.09999999999999998,0.7819017626118852
0.0,0.974025974025974,0.0,1.0,0.0,0.12,0.7817937263333028
0.0,0.974025974025974,0.0,1.0,0.0,0.14,0.7770941482149705
0.0,0.974025974025974,0.0,1.0,0.0,0.16000000000000003,0.7796708134591595
0.0,0.974025974025974,0.0,1.0,0.0,0.18,0.7783257617908093
0.0,0.974025974025974,0.0,1.0,0.0,0.2,0.7728861351641882
0.0,0.974025974025974,0.0,1.0,0.0,0.22000000000000003,0.7713628236361771
0.0,0.974025974025974,0.0,1.0,0.0,0.24000000000000005,0.7689752218795072
0.0,0.974025974025974,0.0,1.0,0.0,0.26,0.7638705077164911
0.0,0.974025974025974,0.0,1.0,0.0,0.27999999999999997,0.7606078121033042
0.0,0.974025974025974,0.0,1.0,0.0,0.30000000000000004,0.7497933806172112
0.0,0.974025974025974,0.0,1.0,0.0,0.32,0.7432679893908374
0.0,0.974025974025974,0.0,1.0,0.0,0.34,0.730228010565948
0.0,0.974025974025974,0.0,1.0,0.0,0.36000000000000004,0.708782809267352
0.0,0.974025974025974,0.0,1.0,0.0,0.38,0.6860573780675552
0.0,0.974025974025974,0.0,1.0,0.0,0.4,0.6403310231575763
0.0,0.974025974025974,0.0,1.0,0.0,0.42000000000000004,0.5452266871215354
0.0,0.974025974025974,0.0,1.0,0.0,0.44000000000000006,0.3823944080422205
0.0,0.974025974025974,0.0,1.0,0.0,0.46,0.2327965730892434
0.0,0.974025974025974,0.0,1.0,0.0,0.48000000000000004,0.19022487751386916
0.0,0.974025974025974,0.0,1.0,0.0,0.5,0.14173279387218227
0.0,0.974025974025974,0.0,1.0,0.0,0.52,0.1615790582477596
0.0,0.974025974025974,0.0,1.0,0.0,0.54,0.24286015243918907
0.0,0.974025974025974,0.0,1.0,0.0,0.56,0.46075312089799747
0.0,0.974025974025974,0.0,1.0,0.0,0.5800000000000001,0.5733701376922371
0.0,0.974025974025974,0.0,1.0,0.0,0.6000000000000001,0.6169249634027107
0.0,0.974025974025974,0.0,1.0,0.0,0.62,0.6421514344516888
0.0,0.974025974025974,0.0,1.0,0.0,0.64,0.6565688758285031
0.0,0.974025974025974,0.0,1.0,0.0,0.66,0.6615547500850787
0.0,0.974025974025974,0.0,1.0,0.0,0.68,0.6722935561761638
0.0,0.974025974025974,0.0,1.0,0.0,0.7000000000000001,0.6757993334161612
0.0,0.974025974025974,0.0,1.0,0.0,0.7200000000000001,0.6822707065032438
0.0,0.974025974025974,0.0,1.0,0.0,0.74,0.6835347309626572
0.0,0.974025974025974,0.0,1.0,0.0,0.76,0.6889905630310658
0.0,0.974025974025974,0.0,1.0,0.0,0.78,0.6911026722773508
0.0,0.974025974025974,0.0,1.0,0.0,0.8,0.693830588311555
0.0,0.974025974025974,0.0,1.0,0.0,0.8200000000000001,0.6971473020640331
0.0,0.974025974025974,0.0,1.0,0.0,0.8400000000000001,0.6954781415599358
0.0,0.974025974025974,0.0,1.0,0.0,0.8600000000000001,0.6984977555463123
0.0,0.974025974025974,0.0,1.0,0.0,0.8800000000000001,0.6987408371731227
0.0,0.974025974025974,0.0,1.0,0.0,0.9000000000000001,0.6993242330774674
0.0,0.974025974025974,0.0,1.0,0.0,0.92,0.7021331763206085
0.0,0.974025974025974,0.0,1.0,0.0,0.9400000000000001,0.7003289704682831
0.0,0.974025974025974,0.0,1.0,0.0,0.9600000000000001,0.7013553151148155
0.0,0.974025974025974,0.0,1.0,0.0,0.9800000000000001,0.7033323790128725
0.0,0.974025974025974,0.0,1.0,0.0,1.0,0.7084532986176759
0.0,0.974025974025974,0.0,1.0,1.0,0.0,0.8875828503211378
0.0,0.974025974025974,0.0,1.0,1.0,0.020000000000000018,0.8862648077224333
0.0,0.974025974025974,0.0,1.0,1.0,0.039999999999999925,0.8846388617297689
0.0,0.974025974025974,0.0,1.0,1.0,0.06000000000000005,0.8836827406643151
0.0,0.974025974025974,0.0,1.0,1.0,0.07999999999999996,0.8824673325302637
0.0,0.974025974025974,0.0,1.0,1.0,0.09999999999999998,0.880879199235103
0.0,0.974025974025974,0.0,1.0,1.0,0.12,0.879496334869249
0.0,0.974025974025974,0.0,1.0,1.0,0.14,0.8774166365065388
0.0,0.974025974025974,0.0,1.0,1.0,0.16000000000000003,0.8745482733101775
0.0,0.974025974025974,0.0,1.0,1.0,0.18,0.8739000556386833
0.0,0.974025974025974,0.0,1.0,1.0,0.2,0.8693787373800121
0.0,0.974025974025974,0.0,1.0,1.0,0.22000000000000003,0.8665427850672256
0.0,0.974025974025974,0.0,1.0,1.0,0.24000000000000005,0.8619188323439011
0.0,0.974025974025974,0.0,1.0,1.0,0.26,0.8587803784510839
0.0,0.974025974025974,0.0,1.0,1.0,0.27999999999999997,0.8530976701976523
0.0,0.974025974025974,0.0,1.0,1.0,0.30000000000000004,0.8443197225628365
0.0,0.974025974025974,0.0,1.0,1.0,0.32,0.8355741858115955
0.0,0.974025974025974,0.0,1.0,1.0,0.34,0.8224369743359821
0.0,0.974025974025974,0.0,1.0,1.0,0.36000000000000004,0.805507689482128
0.0,0.974025974025974,0.0,1.0,1.0,0.38,0.7752197187815668
0.0,0.974025974025974,0.0,1.0,1.0,0.4,0.7275054963456729
0.0,0.974025974025974,0.0,1.0,1.0,0.42000000000000004,0.6404444612500877
0.0,0.974025974025974,0.0,1.0,1.0,0.44000000000000006,0.4773312878464588
0.0,0.974025974025974,0.0,1.0,1.0,0.46,0.27282401430400327
0.0,0.974025974025974,0.0,1.0,1.0,0.48000000000000004,0.19503789372471272
0.0,0.974025974025974,0.0,1.0,1.0,0.5,0.13061045899212956
0.0,0.974025974025974,0.0,1.0,1.0,0.52,0.12197295851947082
0.0,0.974025974025974,0.0,1.0,1.0,0.54,0.19127823123004706
0.0,0.974025974025974,0.0,1.0,1.0,0.56,0.4181544162529777
0.0,0.974025974025974,0.0,1.0,1.0,0.5800000000000001,0.597300173398227
0.0,0.974025974025974,0.0,1.0,1.0,0.6000000000000001,0.6615709555268658
0.0,0.974025974025974,0.0,1.0,1.0,0.62,0.692539554782496
0.0,0.974025974025974,0.0,1.0,1.0,0.64,0.7126397044127417
0.0,0.974025974025974,0.0,1.0,1.0,0.66,0.7276405416939009
0.0,0.974025974025974,0.0,1.0,1.0,0.68,0.7381632752278215
0.0,0.974025974025974,0.0,1.0,1.0,0.7000000000000001,0.745547554868925
0.0,0.974025974025974,0.0,1.0,1.0,0.7200000000000001,0.7521809823738812
0.0,0.974025974025974,0.0,1.0,1.0,0.74,0.7581337813237685
0.0,0.974025974025974,0.0,1.0,1.0,0.76,0.763168271905706
0.0,0.974025974025974,0.0,1.0,1.0,0.78,0.766339136682098
0.0,0.974025974025974,0.0,1.0,1.0,0.8,0.7724161773523548
0.0,0.974025974025974,0.0,1.0,1.0,0.8200000000000001,0.7758625346391319
0.0,0.974025974025974,0.0,1.0,1.0,0.8400000000000001,0.7787849159747844
0.0,0.974025974025974,0.0,1.0,1.0,0.8600000000000001,0.7824311403769384
0.0,0.974025974025974,0.0,1.0,1.0,0.8800000000000001,0.7859747303144395
0.0,0.974025974025974,0.0,1.0,1.0,0.9000000000000001,0.7878113470503394
0.0,0.974025974025974,0.0,1.0,1.0,0.92,0.7912090880117544
0.0,0.974025974025974,0.0,1.0,1.0,0.9400000000000001,0.7923218616811525
0.0,0.974025974025974,0.0,1.0,1.0,0.9600000000000001,0.7955521464107647
0.0,0.974025974025974,0.0,1.0,1.0,0.9800000000000001,0.7970268416134139
0.0,0.974025974025974,0.0,1.0,1.0,1.0,0.7988742619771718
0.0,0.974025974025974,1.0,1.0,0.0,0.0,0.8248407815344392
0.0,0.974025974025974,1.0,1.0,0.0,0.020000000000000018,0.8274498576622029
0.0,0.974025974025974,1.0,1.0,0.0,0.039999999999999925,0.8240521167007882
0.0,0.974025974025974,1.0,1.0,0.0,0.06000000000000005,0.8251540867423279
0.0,0.974025974025974,1.0,1.0,0.0,0.07999999999999996,0.823587560702884
0.0,0.974025974025974,1.0,1.0,0.0,0.09999999999999998,0.8237820260043323
0.0,0.974025974025974,1.0,1.0,0.0,0.12,0.8186611063995288
0.0,0.974025974025974,1.0,1.0,0.0,0.14,0.8191904841645825
0.0,0.974025974025974,1.0,1.0,0.0,0.16000000000000003,0.8150959092063115
0.0,0.974025974025974,1.0,1.0,0.0,0.18,0.812864960053586
0.0,0.974025974025974,1.0,1.0,0.0,0.2,0.8105529836919236
0.0,0.974025974025974,1.0,1.0,0.0,0.22000000000000003,0.8077548440766409
0.0,0.974025974025974,1.0,1.0,0.0,0.24000000000000005,0.8030606677722378
0.0,0.974025974025974,1.0,1.0,0.0,0.26,0.7989660928139668
0.0,0.974025974025974,1.0,1.0,0.0,0.27999999999999997,0.7932455718630316
0.0,0.974025974025974,1.0,1.0,0.0,0.30000000000000004,0.7870821021699086
0.0,0.974025974025974,1.0,1.0,0.0,0.32,0.7753331568740782
0.0,0.974025974025974,1.0,1.0,0.0,0.34,0.7581229776959102
0.0,0.974025974025974,1.0,1.0,0.0,0.36000000000000004,0.7381146589024594
0.0,0.974025974025974,1.0,1.0,0.0,0.38,0.7007935264661873
0.0,0.974025974025974,1.0,1.0,0.0,0.4,0.6401959778093484
0.0,0.974025974025974,1.0,1.0,0.0,0.42000000000000004,0.5215343312284264
0.0,0.974025974025974,1.0,1.0,0.0,0.44000000000000006,0.336354747924353
0.0,0.974025974025974,1.0,1.0,0.0,0.46,0.21419812773129215
0.0,0.974025974025974,1.0,1.0,0.0,0.48000000000000004,0.188469287986906
0.0,0.974025974025974,1.0,1.0,0.0,0.5,0.1351263754368717
0.0,0.974025974025974,1.0,1.0,0.0,0.52,0.17519162934913543
0.0,0.974025974025974,1.0,1.0,0.0,0.54,0.28468639769234505
0.0,0.974025974025974,1.0,1.0,0.0,0.56,0.49703170324594986
0.0,0.974025974025974,1.0,1.0,0.0,0.5800000000000001,0.601297515705774
0.0,0.974025974025974,1.0,1.0,0.0,0.6000000000000001,0.6463702511303295
0.0,0.974025974025974,1.0,1.0,0.0,0.62,0.6668809386191883
0.0,0.974025974025974,1.0,1.0,0.0,0.64,0.6817791414356942
0.0,0.974025974025974,1.0,1.0,0.0,0.66,0.6919399534363639
0.0,0.974025974025974,1.0,1.0,0.0,0.68,0.7007179010711797
0.0,0.974025974025974,1.0,1.0,0.0,0.7000000000000001,0.7045693944026403
0.0,0.974025974025974,1.0,1.0,0.0,0.7200000000000001,0.7083344587112352
0.0,0.974025974025974,1.0,1.0,0.0,0.74,0.7140873905457452
0.0,0.974025974025974,1.0,1.0,0.0,0.76,0.7186951378272823
0.0,0.974025974025974,1.0,1.0,0.0,0.78,0.7198187151245388
0.0,0.974025974025974,1.0,1.0,0.0,0.8,0.7241779789653366
0.0,0.974025974025974,1.0,1.0,0.0,0.8200000000000001,0.7237296284092198
0.0,0.974025974025974,1.0,1.0,0.0,0.8400000000000001,0.7273110310442246
0.0,0.974025974025974,1.0,1.0,0.0,0.8600000000000001,0.7283157684350405
0.0,0.974025974025974,1.0,1.0,0.0,0.8800000000000001,0.7304224758673963
0.0,0.974025974025974,1.0,1.0,0.0,0.9000000000000001,0.7319025728839743
0.0,0.974025974025974,1.0,1.0,0.0,0.92,0.7338958422238189
0.0,0.974025974025974,1.0,1.0,0.0,0.9400000000000001,0.7368344290012585
0.0,0.974025974025974,1.0,1.0,0.0,0.9600000000000001,0.7394002906175894
0.0,0.974025974025974,1.0,1.0,0.0,0.9800000000000001,0.7386548402953712
0.0,0.974025974025974,1.0,1.0,0.0,1.0,0.7391301999211335
0.0,0.974025974025974,1.0,1.0,1.0,0.0,0.8781512832008989
0.0,0.974025974025974,1.0,1.0,1.0,0.020000000000000018,0.8775840927383414
0.0,0.974025974025974,1.0,1.0,1.0,0.039999999999999925,0.8771681530657993
0.0,0.974025974025974,1.0,1.0,1.0,0.06000000000000005,0.8753153308881123
0.0,0.974025974025974,1.0,1.0,1.0,0.07999999999999996,0.8758663159088822
0.0,0.974025974025974,1.0,1.0,1.0,0.09999999999999998,0.8709668706751728
0.0,0.974025974025974,1.0,1.0,1.0,0.12,0.8720256262052795
0.0,0.974025974025974,1.0,1.0,1.0,0.14,0.867628549666978
0.0,0.974025974025974,1.0,1.0,1.0,0.16000000000000003,0.866656223159737
0.0,0.974025974025974,1.0,1.0,1.0,0.18,0.8661214435807543
0.0,0.974025974025974,1.0,1.0,1.0,0.2,0.8598877503065527
0.0,0.974025974025974,1.0,1.0,1.0,0.22000000000000003,0.8599903847712063
0.0,0.974025974025974,1.0,1.0,1.0,0.24000000000000005,0.8537242806134298
0.0,0.974025974025974,1.0,1.0,1.0,0.26,0.8510287754628003
0.0,0.974025974025974,1.0,1.0,1.0,0.27999999999999997,0.8429854745223446
0.0,0.974025974025974,1.0,1.0,1.0,0.30000000000000004,0.8407977398810522
0.0,0.974025974025974,1.0,1.0,1.0,0.32,0.8322412666173302
0.0,0.974025974025974,1.0,1.0,1.0,0.34,0.8161924774339222
0.0,0.974025974025974,1.0,1.0,1.0,0.36000000000000004,0.7970322434273429
0.0,0.974025974025974,1.0,1.0,1.0,0.38,0.7752251205954961
0.0,0.974025974025974,1.0,1.0,1.0,0.4,0.7287641189911571
0.0,0.974025974025974,1.0,1.0,1.0,0.42000000000000004,0.6482824932612372
0.0,0.974025974025974,1.0,1.0,1.0,0.44000000000000006,0.4992464469568881
0.0,0.974025974025974,1.0,1.0,1.0,0.46,0.30044889073750963
0.0,0.974025974025974,1.0,1.0,1.0,0.48000000000000004,0.20450727354245554
0.0,0.974025974025974,1.0,1.0,1.0,0.5,0.15315763033226557
0.0,0.974025974025974,1.0,1.0,1.0,0.52,0.14401776116419893
0.0,0.974025974025974,1.0,1.0,1.0,0.54,0.2240024200126402
0.0,0.974025974025974,1.0,1.0,1.0,0.56,0.47966487146383757
0.0,0.974025974025974,1.0,1.0,1.0,0.5800000000000001,0.6535060473306935
0.0,0.974025974025974,1.0,1.0,1.0,0.6000000000000001,0.7248532057064763
0.0,0.974025974025974,1.0,1.0,1.0,0.62,0.7615909422384035
0.0,0.974025974025974,1.0,1.0,1.0,0.64,0.7770077191921048
0.0,0.974025974025974,1.0,1.0,1.0,0.66,0.7905014503870398
0.0,0.974025974025974,1.0,1.0,1.0,0.68,0.8030768732140252
0.0,0.974025974025974,1.0,1.0,1.0,0.7000000000000001,0.8097481134164852
0.0,0.974025974025974,1.0,1.0,1.0,0.7200000000000001,0.8166084171064643
0.0,0.974025974025974,1.0,1.0,1.0,0.74,0.8215672822933942
0.0,0.974025974025974,1.0,1.0,1.0,0.76,0.8247597543255025
0.0,0.974025974025974,1.0,1.0,1.0,0.78,0.8327004208013049
0.0,0.974025974025974,1.0,1.0,1.0,0.8,0.8328624752191784
0.0,0.974025974025974,1.0,1.0,1.0,0.8200000000000001,0.8354985604165879
0.0,0.974025974025974,1.0,1.0,1.0,0.8400000000000001,0.8359145000891299
0.0,0.974025974025974,1.0,1.0,1.0,0.8600000000000001,0.8366113340859862
0.0,0.974025974025974,1.0,1.0,1.0,0.8800000000000001,0.8371245064092523
0.0,0.974025974025974,1.0,1.0,1.0,0.9000000000000001,0.8399280478384641
0.0,0.974025974025974,1.0,1.0,1.0,0.92,0.8430340908477068
0.0,0.974025974025974,1.0,1.0,1.0,0.9400000000000001,0.8469828168298914
0.0,0.974025974025974,1.0,1.0,1.0,0.9600000000000001,0.8458808467883514
0.0,0.974025974025974,1.0,1.0,1.0,0.9800000000000001,0.8461617411126656
0.0,0.974025974025974,1.0,1.0,1.0,1.0,0.8488356390075786
1.0,0.974025974025974,0.0,1.0,0.0,0.0,0.7762892779395321
1.0,0.974025974025974,0.0,1.0,0.0,0.020000000000000018,0.7756194530123215
1.0,0.974025974025974,0.0,1.0,0.0,0.039999999999999925,0.7746525283190095
1.0,0.974025974025974,0.0,1.0,0.0,0.06000000000000005,0.7736261836724772
1.0,0.974025974025974,0.0,1.0,0.0,0.07999999999999996,0.7723891682827093
1.0,0.974025974025974,0.0,1.0,0.0,0.09999999999999998,0.7710819293118629
1.0,0.974025974025974,0.0,1.0,0.0,0.12,0.7697800921549456
1.0,0.974025974025974,0.0,1.0,0.0,0.14,0.7681811552319269
1.0,0.974025974025974,0.0,1.0,0.0,0.16000000000000003,0.766533601983546
1.0,0.974025974025974,0.0,1.0,0.0,0.18,0.7643620727840408
1.0,0.974025974025974,0.0,1.0,0.0,0.2,0.7619150510741506
1.0,0.974025974025974,0.0,1.0,0.0,0.22000000000000003,0.7589008389017031
1.0,0.974025974025974,0.0,1.0,0.0,0.24000000000000005,0.7554436779870681
1.0,0.974025974025974,0.0,1.0,0.0,0.26,0.7513382994009388
1.0,0.974025974025974,0.0,1.0,0.0,0.27999999999999997,0.7461255489593406
1.0,0.974025974025974,0.0,1.0,0.0,0.30000000000000004,0.7392868525250778
1.0,0.974025974025974,0.0,1.0,0.0,0.32,0.7304494849370418
1.0,0.974025974025974,0.0,1.0,0.0,0.34,0.7180577237836465
1.0,0.974025974025974,0.0,1.0,0.0,0.36000000000000004,0.6997563781917968
1.0,0.974025974025974,0.0,1.0,0.0,0.38,0.6714238641335759
1.0,0.974025974025974,0.0,1.0,0.0,0.4,0.6221917319836001
1.0,0.974025974025974,0.0,1.0,0.0,0.42000000000000004,0.5290104417063248
1.0,0.974025974025974,0.0,1.0,0.0,0.44000000000000006,0.36488172728402196
1.0,0.974025974025974,0.0,1.0,0.0,0.46,0.20086645095423045
1.0,0.974025974025974,0.0,1.0,0.0,0.48000000000000004,0.1232315811649552
1.0,0.974025974025974,0.0,1.0,0.0,0.5,0.09422924217952389
1.0,0.974025974025974,0.0,1.0,0.0,0.52,0.08174565018933357
1.0,0.974025974025974,0.0,1.0,0.0,0.54,0.07344306218028014
1.0,0.974025974025974,0.0,1.0,0.0,0.56,0.068651653225153
1.0,0.974025974025974,0.0,1.0,0.0,0.5800000000000001,0.06777655936863598
1.0,0.974025974025974,0.0,1.0,0.0,0.6000000000000001,0.0679332119725804
1.0,0.974025974025974,0.0,1.0,0.0,0.62,0.06804665006509186
1.0,0.974025974025974,0.0,1.0,0.0,0.64,0.06822490992475273
1.0,0.974025974025974,0.0,1.0,0.0,0.66,0.06835995527298067
1.0,0.974025974025974,0.0,1.0,0.0,0.68,0.06875428768980624
1.0,0.974025974025974,0.0,1.0,0.0,0.7000000000000001,0.06889473485196328
1.0,0.974025974025974,0.0,1.0,0.0,0.7200000000000001,0.06914862010663181
1.0,0.974025974025974,0.0,1.0,0.0,0.74,0.06935388903593827
1.0,0.974025974025974,0.0,1.0,0.0,0.76,0.06953755070952826
1.0,0.974025974025974,0.0,1.0,0.0,0.78,0.06965639061596883
1.0,0.974025974025974,0.0,1.0,0.0,0.8,0.06981304321991325
1.0,0.974025974025974,0.0,1.0,0.0,0.8200000000000001,0.07005072303279442
1.0,0.974025974025974,0.0,1.0,0.0,0.8400000000000001,0.07014795568351853
1.0,0.974025974025974,0.0,1.0,0.0,0.8600000000000001,0.07029380465960469
1.0,0.974025974025974,0.0,1.0,0.0,0.8800000000000001,0.07052608265855674
1.0,0.974025974025974,0.0,1.0,0.0,0.9000000000000001,0.07050987721676939
1.0,0.974025974025974,0.0,1.0,0.0,0.92,0.07075836065750879
1.0,0.974025974025974,0.0,1.0,0.0,0.9400000000000001,0.0708231824246582
1.0,0.974025974025974,0.0,1.0,0.0,0.9600000000000001,0.07090961144752407
1.0,0.974025974025974,0.0,1.0,0.0,0.9800000000000001,0.07099604047038996
1.0,0.974025974025974,0.0,1.0,0.0,1.0,0.07106086223753937
1.0,0.974025974025974,0.0,1.0,1.0,0.0,0.8720148225774216
1.0,0.974025974025974,0.0,1.0,1.0,0.020000000000000018,0.8710154870005347
1.0,0.974025974025974,0.0,1.0,1.0,0.039999999999999925,0.8696650335182554
1.0,0.974025974025974,0.0,1.0,1.0,0.06000000000000005,0.8686386888717232
1.0,0.974025974025974,0.0,1.0,1.0,0.07999999999999996,0.8672666281337273
1.0,0.974025974025974,0.0,1.0,1.0,0.09999999999999998,0.8659323800932353
1.0,0.974025974025974,0.0,1.0,1.0,0.12,0.8644846939602318
1.0,0.974025974025974,0.0,1.0,1.0,0.14,0.8627831225725597
1.0,0.974025974025974,0.0,1.0,1.0,0.16000000000000003,0.8606277988148419
1.0,0.974025974025974,0.0,1.0,1.0,0.18,0.858413055103904
1.0,0.974025974025974,0.0,1.0,1.0,0.2,0.8556959426975577
1.0,0.974025974025974,0.0,1.0,1.0,0.22000000000000003,0.8525034706654495
1.0,0.974025974025974,0.0,1.0,1.0,0.24000000000000005,0.8489598807279484
1.0,0.974025974025974,0.0,1.0,1.0,0.26,0.8446816440960876
1.0,0.974025974025974,0.0,1.0,1.0,0.27999999999999997,0.8390637576098052
1.0,0.974025974025974,0.0,1.0,1.0,0.30000000000000004,0.8320305958740946
1.0,0.974025974025974,0.0,1.0,1.0,0.32,0.8230473793099722
1.0,0.974025974025974,0.0,1.0,1.0,0.34,0.8108662888998126
1.0,0.974025974025974,0.0,1.0,1.0,0.36000000000000004,0.7934886534898418
1.0,0.974025974025974,0.0,1.0,1.0,0.38,0.7669819525396628
1.0,0.974025974025974,0.0,1.0,1.0,0.4,0.7224169876244442
1.0,0.974025974025974,0.0,1.0,1.0,0.42000000000000004,0.640449863064017
1.0,0.974025974025974,0.0,1.0,1.0,0.44000000000000006,0.48326788135455884
1.0,0.974025974025974,0.0,1.0,1.0,0.46,0.2730346850472388
1.0,0.974025974025974,0.0,1.0,1.0,0.48000000000000004,0.15019203448518012
1.0,0.974025974025974,0.0,1.0,1.0,0.5,0.10489782468953074
1.0,0.974025974025974,0.0,1.0,1.0,0.52,0.08584562696153367
1.0,0.974025974025974,0.0,1.0,1.0,0.54,0.07329721320419395
1.0,0.974025974025974,0.0,1.0,1.0,0.56,0.06589132630737402
1.0,0.974025974025974,0.0,1.0,1.0,0.5800000000000001,0.06396828054860822
1.0,0.974025974025974,0.0,1.0,1.0,0.6000000000000001,0.06395207510682087
1.0,0.974025974025974,0.0,1.0,1.0,0.62,0.06401149506004117
1.0,0.974025974025974,0.0,1.0,1.0,0.64,0.06414113859433998
1.0,0.974025974025974,0.0,1.0,1.0,0.66,0.06435180933757556
1.0,0.974025974025974,0.0,1.0,1.0,0.68,0.06454627463902378
1.0,0.974025974025974,0.0,1.0,1.0,0.7000000000000001,0.06469752542903907
1.0,0.974025974025974,0.0,1.0,1.0,0.7200000000000001,0.06502703607871523
1.0,0.974025974025974,0.0,1.0,1.0,0.74,0.06528092133338374
1.0,0.974025974025974,0.0,1.0,1.0,0.76,0.06557261928555609
1.0,0.974025974025974,0.0,1.0,1.0,0.78,0.0657940936566499
1.0,0.974025974025974,0.0,1.0,1.0,0.8,0.06592373719094871
1.0,0.974025974025974,0.0,1.0,1.0,0.8200000000000001,0.06619922970133371
1.0,0.974025974025974,0.0,1.0,1.0,0.8400000000000001,0.06648552583957693
1.0,0.974025974025974,0.0,1.0,1.0,0.8600000000000001,0.06669079476888339
1.0,0.974025974025974,0.0,1.0,1.0,0.8800000000000001,0.0667880274196075
1.0,0.974025974025974,0.0,1.0,1.0,0.9000000000000001,0.06724177978965336
1.0,0.974025974025974,0.0,1.0,1.0,0.92,0.06726338704536984
1.0,0.974025974025974,0.0,1.0,1.0,0.9400000000000001,0.0677171394154157
1.0,0.974025974025974,0.0,1.0,1.0,0.9600000000000001,0.06783597932185628
1.0,0.974025974025974,0.0,1.0,1.0,0.9800000000000001,0.06824651718046919
1.0,0.974025974025974,0.0,1.0,1.0,1.0,0.06828973169190213
1.0,0.974025974025974,1.0,1.0,0.0,0.0,0.8125948693571301
1.0,0.974025974025974,1.0,1.0,0.0,0.020000000000000018,0.81186022266277
1.0,0.974025974025974,1.0,1.0,0.0,0.039999999999999925,0.8108068689465924
1.0,0.974025974025974,1.0,1.0,0.0,0.06000000000000005,0.8098507478811383
1.0,0.974025974025974,1.0,1.0,0.0,0.07999999999999996,0.8083976599342058
1.0,0.974025974025974,1.0,1.0,0.0,0.09999999999999998,0.8071714481722962
1.0,0.974025974025974,1.0,1.0,0.0,0.12,0.8055238949239154
1.0,0.974025974025974,1.0,1.0,0.0,0.14,0.803806118094456
1.0,0.974025974025974,1.0,1.0,0.0,0.16000000000000003,0.8016183834531634
1.0,0.974025974025974,1.0,1.0,0.0,0.18,0.7994846669511622
1.0,0.974025974025974,1.0,1.0,0.0,0.2,0.7965946964990842
1.0,0.974025974025974,1.0,1.0,0.0,0.22000000000000003,0.7933482063276849
1.0,0.974025974025974,1.0,1.0,0.0,0.24000000000000005,0.7895291238797988
1.0,0.974025974025974,1.0,1.0,0.0,0.26,0.7849537874818364
1.0,0.974025974025974,1.0,1.0,0.0,0.27999999999999997,0.7787957196026425
1.0,0.974025974025974,1.0,1.0,0.0,0.30000000000000004,0.7710657238700755
1.0,0.974025974025974,1.0,1.0,0.0,0.32,0.7605375885222259
1.0,0.974025974025974,1.0,1.0,0.0,0.34,0.7462822015632848
1.0,0.974025974025974,1.0,1.0,0.0,0.36000000000000004,0.7245182932428709
1.0,0.974025974025974,1.0,1.0,0.0,0.38,0.6899196750268739
1.0,0.974025974025974,1.0,1.0,0.0,0.4,0.6292897154864603
1.0,0.974025974025974,1.0,1.0,0.0,0.42000000000000004,0.5147172420498802
1.0,0.974025974025974,1.0,1.0,0.0,0.44000000000000006,0.3302669036262377
1.0,0.974025974025974,1.0,1.0,0.0,0.46,0.1799344219789005
1.0,0.974025974025974,1.0,1.0,0.0,0.48000000000000004,0.11719235319220195
1.0,0.974025974025974,1.0,1.0,0.0,0.5,0.09263030525650515
1.0,0.974025974025974,1.0,1.0,0.0,0.52,0.08052484024135305
1.0,0.974025974025974,1.0,1.0,0.0,0.54,0.07139037288721552
1.0,0.974025974025974,1.0,1.0,0.0,0.56,0.06699869816284308
1.0,0.974025974025974,1.0,1.0,0.0,0.5800000000000001,0.06599396077202725
1.0,0.974025974025974,1.0,1.0,0.0,0.6000000000000001,0.06589672812130314
1.0,0.974025974025974,1.0,1.0,0.0,0.62,0.0659507462605943
1.0,0.974025974025974,1.0,1.0,0.0,0.64,0.06574547733128784
1.0,0.974025974025974,1.0,1.0,0.0,0.66,0.06593454081880695
1.0,0.974025974025974,1.0,1.0,0.0,0.68,0.06604797891131842
1.0,0.974025974025974,1.0,1.0,0.0,0.7000000000000001,0.06615061337597165
1.0,0.974025974025974,1.0,1.0,0.0,0.7200000000000001,0.06618842607347547
1.0,0.974025974025974,1.0,1.0,0.0,0.74,0.0662910605381287
1.0,0.974025974025974,1.0,1.0,0.0,0.76,0.06638289137492369
1.0,0.974025974025974,1.0,1.0,0.0,0.78,0.06653414216493898
1.0,0.974025974025974,1.0,1.0,0.0,0.8,0.06662597300173398
1.0,0.974025974025974,1.0,1.0,0.0,0.8200000000000001,0.06673941109424546
1.0,0.974025974025974,1.0,1.0,0.0,0.8400000000000001,0.06677182197782015
1.0,0.974025974025974,1.0,1.0,0.0,0.8600000000000001,0.06688526007033162
1.0,0.974025974025974,1.0,1.0,0.0,0.8800000000000001,0.06710673444142543
1.0,0.974025974025974,1.0,1.0,0.0,0.9000000000000001,0.06723097616179513
1.0,0.974025974025974,1.0,1.0,0.0,0.92,0.06722017253393689
1.0,0.974025974025974,1.0,1.0,0.0,0.9400000000000001,0.06741463783538512
1.0,0.974025974025974,1.0,1.0,0.0,0.9600000000000001,0.06752267411396747
1.0,0.974025974025974,1.0,1.0,0.0,0.9800000000000001,0.06749026323039276
1.0,0.974025974025974,1.0,1.0,0.0,1.0,0.06760370132290422
1.0,0.974025974025974,1.0,1.0,1.0,0.0,0.8741863517769266
1.0,0.974025974025974,1.0,1.0,1.0,0.020000000000000018,0.87300335452645
1.0,0.974025974025974,1.0,1.0,1.0,0.039999999999999925,0.8719824116938466
1.0,0.974025974025974,1.0,1.0,1.0,0.06000000000000005,0.8708426289548028
1.0,0.974025974025974,1.0,1.0,1.0,0.07999999999999996,0.8695191845421693
1.0,0.974025974025974,1.0,1.0,1.0,0.09999999999999998,0.8681633292459607
1.0,0.974025974025974,1.0,1.0,1.0,0.12,0.8667048394850991
1.0,0.974025974025974,1.0,1.0,1.0,0.14,0.8648304100516953
1.0,0.974025974025974,1.0,1.0,1.0,0.16000000000000003,0.862885757037213
1.0,0.974025974025974,1.0,1.0,1.0,0.18,0.8605467716059052
1.0,0.974025974025974,1.0,1.0,1.0,0.2,0.8579268918502834
1.0,0.974025974025974,1.0,1.0,1.0,0.22000000000000003,0.8549126796778357
1.0,0.974025974025974,1.0,1.0,1.0,0.24000000000000005,0.8513474824846183
1.0,0.974025974025974,1.0,1.0,1.0,0.26,0.846588484413066
1.0,0.974025974025974,1.0,1.0,1.0,0.27999999999999997,0.8412947067625309
1.0,0.974025974025974,1.0,1.0,1.0,0.30000000000000004,0.8345154302814883
1.0,0.974025974025974,1.0,1.0,1.0,0.32,0.8256348481820195
1.0,0.974025974025974,1.0,1.0,1.0,0.34,0.8136104103758042
1.0,0.974025974025974,1.0,1.0,1.0,0.36000000000000004,0.7967837599866034
1.0,0.974025974025974,1.0,1.0,1.0,0.38,0.7710603220561465
1.0,0.974025974025974,1.0,1.0,1.0,0.4,0.7287911280608028
1.0,0.974025974025974,1.0,1.0,1.0,0.42000000000000004,0.6527119806831132
1.0,0.974025974025974,1.0,1.0,1.0,0.44000000000000006,0.5061715724140166
1.0,0.974025974025974,1.0,1.0,1.0,0.46,0.2970673552178822
1.0,0.974025974025974,1.0,1.0,1.0,0.48000000000000004,0.1607417770887464
1.0,0.974025974025974,1.0,1.0,1.0,0.5,0.10861427267276352
1.0,0.974025974025974,1.0,1.0,1.0,0.52,0.08951886043333351
1.0,0.974025974025974,1.0,1.0,1.0,0.54,0.07909876136406604
1.0,0.974025974025974,1.0,1.0,1.0,0.56,0.07039103731032881
1.0,0.974025974025974,1.0,1.0,1.0,0.5800000000000001,0.06845178610977566
1.0,0.974025974025974,1.0,1.0,1.0,0.6000000000000001,0.06851660787692507
1.0,0.974025974025974,1.0,1.0,1.0,0.62,0.06865705503908212
1.0,0.974025974025974,1.0,1.0,1.0,0.64,0.06896495843304182
1.0,0.974025974025974,1.0,1.0,1.0,0.66,0.06943491624487502
1.0,0.974025974025974,1.0,1.0,1.0,0.68,0.0695861670348903
1.0,0.974025974025974,1.0,1.0,1.0,0.7000000000000001,0.07013175024173117
1.0,0.974025974025974,1.0,1.0,1.0,0.7200000000000001,0.07046666270533646
1.0,0.974025974025974,1.0,1.0,1.0,0.74,0.07077996791322526
1.0,0.974025974025974,1.0,1.0,1.0,0.76,0.07112568400468877
1.0,0.974025974025974,1.0,1.0,1.0,0.78,0.07141198014293199
1.0,0.974025974025974,1.0,1.0,1.0,0.8,0.07179010711797021
1.0,0.974025974025974,1.0,1.0,1.0,0.8200000000000001,0.07200077786120579
1.0,0.974025974025974,1.0,1.0,1.0,0.8400000000000001,0.07232488669695283
1.0,0.974025974025974,1.0,1.0,1.0,0.8600000000000001,0.0726219864630543
1.0,0.974025974025974,1.0,1.0,1.0,0.8800000000000001,0.07293529167094309
1.0,0.974025974025974,1.0,1.0,1.0,0.9000000000000001,0.07312435515846222
1.0,0.974025974025974,1.0,1.0,1.0,0.92,0.07350248213350041
1.0,0.974025974025974,1.0,1.0,1.0,0.9400000000000001,0.07376176920209808
1.0,0.974025974025974,1.0,1.0,1.0,0.9600000000000001,0.07391301999211335
1.0,0.974025974025974,1.0,1.0,1.0,0.9800000000000001,0.07413449436320717
1.0,0.974025974025974,1.0,1.0,1.0,1.0,0.07438297780394656
0.0,0.974025974025974,0.0,0.0,0.0,0.0,0.9366097135418072
0.0,0.974025974025974,0.0,0.0,0.0,0.020000000000000018,0.9369176169357669
0.0,0.974025974025974,0.0,0.0,0.0,0.039999999999999925,0.9367609643318227
0.0,0.974025974025974,0.0,0.0,0.0,0.06000000000000005,0.9344868006676641
0.0,0.974025974025974,0.0,0.0,0.0,0.07999999999999996,0.9319047336095461
0.0,0.974025974025974,0.0,0.0,0.0,0.09999999999999998,0.9327960329078504
0.0,0.974025974025974,0.0,0.0,0.0,0.12,0.9312889268216267
0.0,0.974025974025974,0.0,0.0,0.0,0.14,0.929603560875742
0.0,0.974025974025974,0.0,0.0,0.0,0.16000000000000003,0.9253415296856684
0.0,0.974025974025974,0.0,0.0,0.0,0.18,0.9268270285161757
0.0,0.974025974025974,0.0,0.0,0.0,0.2,0.9193941325497101
0.0,0.974025974025974,0.0,0.0,0.0,0.22000000000000003,0.9192914980850571
0.0,0.974025974025974,0.0,0.0,0.0,0.24000000000000005,0.914878216104968
0.0,0.974025974025974,0.0,0.0,0.0,0.26,0.907612776370305
0.0,0.974025974025974,0.0,0.0,0.0,0.27999999999999997,0.9017734155129291
0.0,0.974025974025974,0.0,0.0,0.0,0.30000000000000004,0.894589002987203
0.0,0.974025974025974,0.0,0.0,0.0,0.32,0.878804902686322
0.0,0.974025974025974,0.0,0.0,0.0,0.34,0.8647385792149003
0.0,0.974025974025974,0.0,0.0,0.0,0.36000000000000004,0.8425209185244404
0.0,0.974025974025974,0.0,0.0,0.0,0.38,0.8028716042847188
0.0,0.974025974025974,0.0,0.0,0.0,0.4,0.7385197949471431
0.0,0.974025974025974,0.0,0.0,0.0,0.42000000000000004,0.6120795363082923
0.0,0.974025974025974,0.0,0.0,0.0,0.44000000000000006,0.4111590672147707
0.0,0.974025974025974,0.0,0.0,0.0,0.46,0.24970425068738084
0.0,0.974025974025974,0.0,0.0,0.0,0.48000000000000004,0.18133349178654193
0.0,0.974025974025974,0.0,0.0,0.0,0.5,0.15054315239057275
0.0,0.974025974025974,0.0,0.0,0.0,0.52,0.18139831355369132
0.0,0.974025974025974,0.0,0.0,0.0,0.54,0.4636214840943588
0.0,0.974025974025974,0.0,0.0,0.0,0.56,0.6964666735089642
0.0,0.974025974025974,0.0,0.0,0.0,0.5800000000000001,0.7799301005277572
0.0,0.974025974025974,0.0,0.0,0.0,0.6000000000000001,0.8196442365346284
0.0,0.974025974025974,0.0,0.0,0.0,0.62,0.8407275162999737
0.0,0.974025974025974,0.0,0.0,0.0,0.64,0.8584778768710533
0.0,0.974025974025974,0.0,0.0,0.0,0.66,0.8684118126867002
0.0,0.974025974025974,0.0,0.0,0.0,0.68,0.8766495789286042
0.0,0.974025974025974,0.0,0.0,0.0,0.7000000000000001,0.883866402337905
0.0,0.974025974025974,0.0,0.0,0.0,0.7200000000000001,0.888517364130875
0.0,0.974025974025974,0.0,0.0,0.0,0.74,0.8926605554145082
0.0,0.974025974025974,0.0,0.0,0.0,0.76,0.8963770033977407
0.0,0.974025974025974,0.0,0.0,0.0,0.78,0.8991265266876618
0.0,0.974025974025974,0.0,0.0,0.0,0.8,0.9036262376906163
0.0,0.974025974025974,0.0,0.0,0.0,0.8200000000000001,0.9006822490992474
0.0,0.974025974025974,0.0,0.0,0.0,0.8400000000000001,0.9065108063287652
0.0,0.974025974025974,0.0,0.0,0.0,0.8600000000000001,0.9052467818693517
0.0,0.974025974025974,0.0,0.0,0.0,0.8800000000000001,0.9100219853826914
0.0,0.974025974025974,0.0,0.0,0.0,0.9000000000000001,0.9072832657206289
0.0,0.974025974025974,0.0,0.0,0.0,0.92,0.9119018166300243
0.0,0.974025974025974,0.0,0.0,0.0,0.9400000000000001,0.9137330315519951
0.0,0.974025974025974,0.0,0.0,0.0,0.9600000000000001,0.912582445185093
0.0,0.974025974025974,0.0,0.0,0.0,0.9800000000000001,0.9157641135893433
0.0,0.974025974025974,0.0,0.0,0.0,1.0,0.9152293340103606
0.0,0.974025974025974,0.0,0.0,1.0,0.0,0.9516591671483283
0.0,0.974025974025974,0.0,0.0,1.0,0.020000000000000018,0.9487637948823215
0.0,0.974025974025974,0.0,0.0,1.0,0.039999999999999925,0.9477590574915056
0.0,0.974025974025974,0.0,0.0,1.0,0.06000000000000005,0.9452148031308913
0.0,0.974025974025974,0.0,0.0,1.0,0.07999999999999996,0.944507165506177
0.0,0.974025974025974,0.0,0.0,1.0,0.09999999999999998,0.944231672995792
0.0,0.974025974025974,0.0,0.0,1.0,0.12,0.9410770136611872
0.0,0.974025974025974,0.0,0.0,1.0,0.14,0.9379439615822993
0.0,0.974025974025974,0.0,0.0,1.0,0.16000000000000003,0.9360155140096045
0.0,0.974025974025974,0.0,0.0,1.0,0.18,0.9305434764994083
0.0,0.974025974025974,0.0,0.0,1.0,0.2,0.9279614094412902
0.0,0.974025974025974,0.0,0.0,1.0,0.22000000000000003,0.9236291546701381
0.0,0.974025974025974,0.0,0.0,1.0,0.24000000000000005,0.9180976972067219
0.0,0.974025974025974,0.0,0.0,1.0,0.26,0.9109564991924288
0.0,0.974025974025974,0.0,0.0,1.0,0.27999999999999997,0.9015519411418353
0.0,0.974025974025974,0.0,0.0,1.0,0.30000000000000004,0.8893222344063136
0.0,0.974025974025974,0.0,0.0,1.0,0.32,0.8721768769952951
0.0,0.974025974025974,0.0,0.0,1.0,0.34,0.8485223337996899
0.0,0.974025974025974,0.0,0.0,1.0,0.36000000000000004,0.8103747238322627
0.0,0.974025974025974,0.0,0.0,1.0,0.38,0.744218708642362
0.0,0.974025974025974,0.0,0.0,1.0,0.4,0.6199283719472999
0.0,0.974025974025974,0.0,0.0,1.0,0.42000000000000004,0.40805302420552814
0.0,0.974025974025974,0.0,0.0,1.0,0.44000000000000006,0.2391491062698854
0.0,0.974025974025974,0.0,0.0,1.0,0.46,0.1845205620047212
0.0,0.974025974025974,0.0,0.0,1.0,0.48000000000000004,0.10860346904490525
0.0,0.974025974025974,0.0,0.0,1.0,0.5,0.12090339936150557
0.0,0.974025974025974,0.0,0.0,1.0,0.52,0.22810239678484034
0.0,0.974025974025974,0.0,0.0,1.0,0.54,0.49783117170745933
0.0,0.974025974025974,0.0,0.0,1.0,0.56,0.5941941303889846
0.0,0.974025974025974,0.0,0.0,1.0,0.5800000000000001,0.6315422718949024
0.0,0.974025974025974,0.0,0.0,1.0,0.6000000000000001,0.6546836427672413
0.0,0.974025974025974,0.0,0.0,1.0,0.62,0.6704137249288311
0.0,0.974025974025974,0.0,0.0,1.0,0.64,0.6850364352349518
0.0,0.974025974025974,0.0,0.0,1.0,0.66,0.6958670721628322
0.0,0.974025974025974,0.0,0.0,1.0,0.68,0.7072486941114826
0.0,0.974025974025974,0.0,0.0,1.0,0.7000000000000001,0.716696466673509
0.0,0.974025974025974,0.0,0.0,1.0,0.7200000000000001,0.7241941844071238
0.0,0.974025974025974,0.0,0.0,1.0,0.74,0.733814815014882
0.0,0.974025974025974,0.0,0.0,1.0,0.76,0.7405994933098534
0.0,0.974025974025974,0.0,0.0,1.0,0.78,0.7545847895723383
0.0,0.974025974025974,0.0,0.0,1.0,0.8,0.7534774177168693
0.0,0.974025974025974,0.0,0.0,1.0,0.8200000000000001,0.7585929355077434
0.0,0.974025974025974,0.0,0.0,1.0,0.8400000000000001,0.766025831474209
0.0,0.974025974025974,0.0,0.0,1.0,0.8600000000000001,0.7692831252734669
0.0,0.974025974025974,0.0,0.0,1.0,0.8800000000000001,0.7735991746028317
0.0,0.974025974025974,0.0,0.0,1.0,0.9000000000000001,0.7780988856057864
0.0,0.974025974025974,0.0,0.0,1.0,0.92,0.7819611825651054
0.0,0.974025974025974,0.0,0.0,1.0,0.9400000000000001,0.7861043738487383
0.0,0.974025974025974,0.0,0.0,1.0,0.9600000000000001,0.7897235891812471
0.0,0.974025974025974,0.0,0.0,1.0,0.9800000000000001,0.793083517445158
0.0,0.974025974025974,0.0,0.0,1.0,1.0,0.7944393727413666
0.0,0.974025974025974,1.0,0.0,0.0,0.0,0.9053926308454379
0.0,0.974025974025974,1.0,0.0,0.0,0.020000000000000018,0.9007254636106803
0.0,0.974025974025974,1.0,0.0,0.0,0.039999999999999925,0.9002068894734852
0.0,0.974025974025974,1.0,0.0,0.0,0.06000000000000005,0.8962473598634422
0.0,0.974025974025974,1.0,0.0,0.0,0.07999999999999996,0.8937733290839063
0.0,0.974025974025974,1.0,0.0,0.0,0.09999999999999998,0.8904242044478534
0.0,0.974025974025974,1.0,0.0,0.0,0.12,0.8862269950249293
0.0,0.974025974025974,1.0,0.0,0.0,0.14,0.883450462665363
0.0,0.974025974025974,1.0,0.0,0.0,0.16000000000000003,0.880144552540743
0.0,0.974025974025974,1.0,0.0,0.0,0.18,0.873829832057605
0.0,0.974025974025974,1.0,0.0,0.0,0.2,0.867628549666978
0.0,0.974025974025974,1.0,0.0,0.0,0.22000000000000003,0.8575271576195287
0.0,0.974025974025974,1.0,0.0,0.0,0.24000000000000005,0.8481874213360845
0.0,0.974025974025974,1.0,0.0,0.0,0.26,0.8260237787849158
0.0,0.974025974025974,1.0,0.0,0.0,0.27999999999999997,0.8017480269874624
0.0,0.974025974025974,1.0,0.0,0.0,0.30000000000000004,0.7636436315314683
0.0,0.974025974025974,1.0,0.0,0.0,0.32,0.6980764140598412
0.0,0.974025974025974,1.0,0.0,0.0,0.34,0.5828665265796253
0.0,0.974025974025974,1.0,0.0,0.0,0.36000000000000004,0.4070915013261453
0.0,0.974025974025974,1.0,0.0,0.0,0.38,0.25962198106124035
0.0,0.974025974025974,1.0,0.0,0.0,0.4,0.2007314056060025
0.0,0.974025974025974,1.0,0.0,0.0,0.42000000000000004,0.14881457193325517
0.0,0.974025974025974,1.0,0.0,0.0,0.44000000000000006,0.13042139550461043
0.0,0.974025974025974,1.0,0.0,0.0,0.46,0.23740972218470963
0.0,0.974025974025974,1.0,0.0,0.0,0.48000000000000004,0.5103363709533661
0.0,0.974025974025974,1.0,0.0,0.0,0.5,0.6148398632260712
0.0,0.974025974025974,1.0,0.0,0.0,0.52,0.6530090804492148
0.0,0.974025974025974,1.0,0.0,0.0,0.54,0.6732064627301848
0.0,0.974025974025974,1.0,0.0,0.0,0.56,0.6865003268097427
0.0,0.974025974025974,1.0,0.0,0.0,0.5800000000000001,0.6948407275163
0.0,0.974025974025974,1.0,0.0,0.0,0.6000000000000001,0.7042182764972478
0.0,0.974025974025974,1.0,0.0,0.0,0.62,0.7064492256499733
0.0,0.974025974025974,1.0,0.0,0.0,0.64,0.7114945198597689
0.0,0.974025974025974,1.0,0.0,0.0,0.66,0.7118996559044526
0.0,0.974025974025974,1.0,0.0,0.0,0.68,0.7136336381756994
0.0,0.974025974025974,1.0,0.0,0.0,0.7000000000000001,0.7175391496464512
0.0,0.974025974025974,1.0,0.0,0.0,0.7200000000000001,0.7190624611744623
0.0,0.974025974025974,1.0,0.0,0.0,0.74,0.7226384619955382
0.0,0.974025974025974,1.0,0.0,0.0,0.76,0.7253933870993878
0.0,0.974025974025974,1.0,0.0,0.0,0.78,0.7258309340276465
0.0,0.974025974025974,1.0,0.0,0.0,0.8,0.7271651820681384
0.0,0.974025974025974,1.0,0.0,0.0,0.8200000000000001,0.7333502590169778
0.0,0.974025974025974,1.0,0.0,0.0,0.8400000000000001,0.7330909719483802
0.0,0.974025974025974,1.0,0.0,0.0,0.8600000000000001,0.7360079514701037
0.0,0.974025974025974,1.0,0.0,0.0,0.8800000000000001,0.7341713347342036
0.0,0.974025974025974,1.0,0.0,0.0,0.9000000000000001,0.7362456312829848
0.0,0.974025974025974,1.0,0.0,0.0,0.92,0.7385251967610724
0.0,0.974025974025974,1.0,0.0,0.0,0.9400000000000001,0.7385900185282217
0.0,0.974025974025974,1.0,0.0,0.0,0.9600000000000001,0.7398324357319188
0.0,0.974025974025974,1.0,0.0,0.0,0.9800000000000001,0.7400917228005164
0.0,0.974025974025974,1.0,0.0,0.0,1.0,0.7419553486060619
0.0,0.974025974025974,1.0,0.0,1.0,0.0,0.9955056908109743
0.0,0.974025974025974,1.0,0.0,1.0,0.020000000000000018,0.989271997536773
0.0,0.974025974025974,1.0,0.0,1.0,0.039999999999999925,0.9925779076613928
0.0,0.974025974025974,1.0,0.0,1.0,0.06000000000000005,0.9910005779940905
0.0,0.974025974025974,1.0,0.0,1.0,0.07999999999999996,0.9888182451667269
0.0,0.974025974025974,1.0,0.0,1.0,0.09999999999999998,0.9854853259724616
0.0,0.974025974025974,1.0,0.0,1.0,0.12,0.9860255073653732
0.0,0.974025974025974,1.0,0.0,1.0,0.14,0.9852854588570841
0.0,0.974025974025974,1.0,0.0,1.0,0.16000000000000003,0.9818012888728036
0.0,0.974025974025974,1.0,0.0,1.0,0.18,0.9789869438157335
0.0,0.974025974025974,1.0,0.0,1.0,0.2,0.9735743262587577
0.0,0.974025974025974,1.0,0.0,1.0,0.22000000000000003,0.9702522106923506
0.0,0.974025974025974,1.0,0.0,1.0,0.24000000000000005,0.9690476061861573
0.0,0.974025974025974,1.0,0.0,1.0,0.26,0.963699810396331
0.0,0.974025974025974,1.0,0.0,1.0,0.27999999999999997,0.9535227929538739
0.0,0.974025974025974,1.0,0.0,1.0,0.30000000000000004,0.946619274752462
0.0,0.974025974025974,1.0,0.0,1.0,0.32,0.938754233671667
0.0,0.974025974025974,1.0,0.0,1.0,0.34,0.9267514031211679
0.0,0.974025974025974,1.0,0.0,1.0,0.36000000000000004,0.9037882921084899
0.0,0.974025974025974,1.0,0.0,1.0,0.38,0.8755368052592059
0.0,0.974025974025974,1.0,0.0,1.0,0.4,0.826580165619615
0.0,0.974025974025974,1.0,0.0,1.0,0.42000000000000004,0.7415664180031654
0.0,0.974025974025974,1.0,0.0,1.0,0.44000000000000006,0.5773944890694294
0.0,0.974025974025974,1.0,0.0,1.0,0.46,0.3431232207775371
0.0,0.974025974025974,1.0,0.0,1.0,0.48000000000000004,0.2136201336408766
0.0,0.974025974025974,1.0,0.0,1.0,0.5,0.15239597456826
0.0,0.974025974025974,1.0,0.0,1.0,0.52,0.1360878983162546
0.0,0.974025974025974,1.0,0.0,1.0,0.54,0.23264532229922807
0.0,0.974025974025974,1.0,0.0,1.0,0.56,0.5733539322504497
0.0,0.974025974025974,1.0,0.0,1.0,0.5800000000000001,0.7598137454557239
0.0,0.974025974025974,1.0,0.0,1.0,0.6000000000000001,0.8374864279425029
0.0,0.974025974025974,1.0,0.0,1.0,0.62,0.8719608044381304
0.0,0.974025974025974,1.0,0.0,1.0,0.64,0.8977706713914531
0.0,0.974025974025974,1.0,0.0,1.0,0.66,0.9132630737401619
0.0,0.974025974025974,1.0,0.0,1.0,0.68,0.9261518017750361
0.0,0.974025974025974,1.0,0.0,1.0,0.7000000000000001,0.9354699308027634
0.0,0.974025974025974,1.0,0.0,1.0,0.7200000000000001,0.9419413038898461
0.0,0.974025974025974,1.0,0.0,1.0,0.74,0.9460682897316919
0.0,0.974025974025974,1.0,0.0,1.0,0.76,0.9528367625848759
0.0,0.974025974025974,1.0,0.0,1.0,0.78,0.954446503135753
0.0,0.974025974025974,1.0,0.0,1.0,0.8,0.9607936345024659
0.0,0.974025974025974,1.0,0.0,1.0,0.8200000000000001,0.961528281196826
0.0,0.974025974025974,1.0,0.0,1.0,0.8400000000000001,0.9648666022050205
0.0,0.974025974025974,1.0,0.0,1.0,0.8600000000000001,0.9666059862901961
0.0,0.974025974025974,1.0,0.0,1.0,0.8800000000000001,0.9706357394813179
0.0,0.974025974025974,1.0,0.0,1.0,0.9000000000000001,0.970776186643475
0.0,0.974025974025974,1.0,0.0,1.0,0.92,0.9745088400684949
0.0,0.974025974025974,1.0,0.0,1.0,0.9400000000000001,0.9766587620122837
0.0,0.974025974025974,1.0,0.0,1.0,0.9600000000000001,0.9762860368511748
0.0,0.974025974025974,1.0,0.0,1.0,0.9800000000000001,0.974741118067447
0.0,0.974025974025974,1.0,0.0,1.0,1.0,0.9788464966535764
1.0,0.974025974025974,0.0,0.0,0.0,0.0,0.9254819768478255
1.0,0.974025974025974,0.0,0.0,0.0,0.020000000000000018,0.9245528648520174
1.0,0.974025974025974,0.0,0.0,0.0,0.039999999999999925,0.9238074145297992
1.0,0.974025974025974,0.0,0.0,0.0,0.06000000000000005,0.9224623628614488
1.0,0.974025974025974,0.0,0.0,0.0,0.07999999999999996,0.9210362839841619
1.0,0.974025974025974,0.0,0.0,0.0,0.09999999999999998,0.9195021688282925
1.0,0.974025974025974,0.0,0.0,0.0,0.12,0.9176601502784634
1.0,0.974025974025974,0.0,0.0,0.0,0.14,0.9158451407982799
1.0,0.974025974025974,0.0,0.0,0.0,0.16000000000000003,0.9134737444833974
1.0,0.974025974025974,0.0,0.0,0.0,0.18,0.9109510973784996
1.0,0.974025974025974,0.0,0.0,0.0,0.2,0.9077640271603205
1.0,0.974025974025974,0.0,0.0,0.0,0.22000000000000003,0.9042528481063941
1.0,0.974025974025974,0.0,0.0,0.0,0.24000000000000005,0.8999151915213128
1.0,0.974025974025974,0.0,0.0,0.0,0.26,0.8946160120568487
1.0,0.974025974025974,0.0,0.0,0.0,0.27999999999999997,0.8881662462254825
1.0,0.974025974025974,0.0,0.0,0.0,0.30000000000000004,0.879496334869249
1.0,0.974025974025974,0.0,0.0,0.0,0.32,0.8685198489652826
1.0,0.974025974025974,0.0,0.0,0.0,0.34,0.8526439178276064
1.0,0.974025974025974,0.0,0.0,0.0,0.36000000000000004,0.8298968793720931
1.0,0.974025974025974,0.0,0.0,0.0,0.38,0.7932185627933859
1.0,0.974025974025974,0.0,0.0,0.0,0.4,0.7291692550358411
1.0,0.974025974025974,0.0,0.0,0.0,0.42000000000000004,0.606823571355261
1.0,0.974025974025974,0.0,0.0,0.0,0.44000000000000006,0.4000043214511433
1.0,0.974025974025974,0.0,0.0,0.0,0.46,0.21206441122929076
1.0,0.974025974025974,0.0,0.0,0.0,0.48000000000000004,0.12694802914818795
1.0,0.974025974025974,0.0,0.0,0.0,0.5,0.09557429384787411
1.0,0.974025974025974,0.0,0.0,0.0,0.52,0.08225882251259972
1.0,0.974025974025974,0.0,0.0,0.0,0.54,0.07312435515846222
1.0,0.974025974025974,0.0,0.0,0.0,0.56,0.07021817926459704
1.0,0.974025974025974,0.0,0.0,0.0,0.5800000000000001,0.07013715205566029
1.0,0.974025974025974,0.0,0.0,0.0,0.6000000000000001,0.07052068084462762
1.0,0.974025974025974,0.0,0.0,0.0,0.62,0.07113648763254701
1.0,0.974025974025974,0.0,0.0,0.0,0.64,0.07159024000259287
1.0,0.974025974025974,0.0,0.0,0.0,0.66,0.0720980105119299
1.0,0.974025974025974,0.0,0.0,0.0,0.68,0.0727138172998493
1.0,0.974025974025974,0.0,0.0,0.0,0.7000000000000001,0.07328640957633573
1.0,0.974025974025974,0.0,0.0,0.0,0.7200000000000001,0.07381038552746011
1.0,0.974025974025974,0.0,0.0,0.0,0.74,0.07437757599001743
1.0,0.974025974025974,0.0,0.0,0.0,0.76,0.07496637370829125
1.0,0.974025974025974,0.0,0.0,0.0,0.78,0.07552276054299034
1.0,0.974025974025974,0.0,0.0,0.0,0.8,0.07611696007519324
1.0,0.974025974025974,0.0,0.0,0.0,0.8200000000000001,0.07665173965417586
1.0,0.974025974025974,0.0,0.0,0.0,0.8400000000000001,0.07742960085996878
1.0,0.974025974025974,0.0,0.0,0.0,0.8600000000000001,0.07785094234643994
1.0,0.974025974025974,0.0,0.0,0.0,0.8800000000000001,0.07861259811044549
1.0,0.974025974025974,0.0,0.0,0.0,0.9000000000000001,0.0793634502465928
1.0,0.974025974025974,0.0,0.0,0.0,0.92,0.07996305159272483
1.0,0.974025974025974,0.0,0.0,0.0,0.9400000000000001,0.08075711824030508
1.0,0.974025974025974,0.0,0.0,0.0,0.9600000000000001,0.08150797037645241
1.0,0.974025974025974,0.0,0.0,0.0,0.9800000000000001,0.08226962614045796
1.0,0.974025974025974,0.0,0.0,0.0,1.0,0.08306369278803821
1.0,0.974025974025974,0.0,0.0,1.0,0.0,0.9608422508278278
1.0,0.974025974025974,0.0,0.0,1.0,0.020000000000000018,0.9596268426937766
1.0,0.974025974025974,0.0,0.0,1.0,0.039999999999999925,0.9581953620025603
1.0,0.974025974025974,0.0,0.0,1.0,0.06000000000000005,0.9566234341491873
1.0,0.974025974025974,0.0,0.0,1.0,0.07999999999999996,0.9548138264829329
1.0,0.974025974025974,0.0,0.0,1.0,0.09999999999999998,0.952939397049529
1.0,0.974025974025974,0.0,0.0,1.0,0.12,0.9507246533385909
1.0,0.974025974025974,0.0,0.0,1.0,0.14,0.9485909368365897
1.0,0.974025974025974,0.0,0.0,1.0,0.16000000000000003,0.9457333772680867
1.0,0.974025974025974,0.0,0.0,1.0,0.18,0.9423356363066717
1.0,0.974025974025974,0.0,0.0,1.0,0.2,0.9385543665562897
1.0,0.974025974025974,0.0,0.0,1.0,0.22000000000000003,0.9339952356001144
1.0,0.974025974025974,0.0,0.0,1.0,0.24000000000000005,0.928409759997407
1.0,0.974025974025974,0.0,0.0,1.0,0.26,0.921365794633838
1.0,0.974025974025974,0.0,0.0,1.0,0.27999999999999997,0.9121394964429055
1.0,0.974025974025974,0.0,0.0,1.0,0.30000000000000004,0.9007956871917588
1.0,0.974025974025974,0.0,0.0,1.0,0.32,0.8844281909865332
1.0,0.974025974025974,0.0,0.0,1.0,0.34,0.8607358350934244
1.0,0.974025974025974,0.0,0.0,1.0,0.36000000000000004,0.8236199715864587
1.0,0.974025974025974,0.0,0.0,1.0,0.38,0.7595598602010556
1.0,0.974025974025974,0.0,0.0,1.0,0.4,0.6395099474403505
1.0,0.974025974025974,0.0,0.0,1.0,0.42000000000000004,0.42762919788464965
1.0,0.974025974025974,0.0,0.0,1.0,0.44000000000000006,0.2254825170292184
1.0,0.974025974025974,0.0,0.0,1.0,0.46,0.13086974606072718
1.0,0.974025974025974,0.0,0.0,1.0,0.48000000000000004,0.09683291649335846
1.0,0.974025974025974,0.0,0.0,1.0,0.5,0.08137292502822448
1.0,0.974025974025974,0.0,0.0,1.0,0.52,0.0702667955899591
1.0,0.974025974025974,0.0,0.0,1.0,0.54,0.06534574310053316
1.0,0.974025974025974,0.0,0.0,1.0,0.56,0.06449225649973261
1.0,0.974025974025974,0.0,0.0,1.0,0.5800000000000001,0.06428698757042614
1.0,0.974025974025974,0.0,0.0,1.0,0.6000000000000001,0.06449225649973261
1.0,0.974025974025974,0.0,0.0,1.0,0.62,0.06440582747686673
1.0,0.974025974025974,0.0,0.0,1.0,0.64,0.06453006919723643
1.0,0.974025974025974,0.0,0.0,1.0,0.66,0.064648909103677
1.0,0.974025974025974,0.0,0.0,1.0,0.68,0.06478935626583407
1.0,0.974025974025974,0.0,0.0,1.0,0.7000000000000001,0.06496221431156582
1.0,0.974025974025974,0.0,0.0,1.0,0.7200000000000001,0.06514587598515581
1.0,0.974025974025974,0.0,0.0,1.0,0.74,0.06525931407766727
1.0,0.974025974025974,0.0,0.0,1.0,0.76,0.06568605737806756
1.0,0.974025974025974,0.0,0.0,1.0,0.78,0.06572927188950049
1.0,0.974025974025974,0.0,0.0,1.0,0.8,0.06586431723772843
1.0,0.974025974025974,0.0,0.0,1.0,0.8200000000000001,0.06604797891131842
1.0,0.974025974025974,0.0,0.0,1.0,0.8400000000000001,0.06616141700382988
1.0,0.974025974025974,0.0,0.0,1.0,0.8600000000000001,0.06645311495600223
1.0,0.974025974025974,0.0,0.0,1.0,0.8800000000000001,0.06659896393208839
1.0,0.974025974025974,0.0,0.0,1.0,0.9000000000000001,0.06674481290817456
1.0,0.974025974025974,0.0,0.0,1.0,0.92,0.06693387639569366
1.0,0.974025974025974,0.0,0.0,1.0,0.9400000000000001,0.06705811811606337
1.0,0.974025974025974,0.0,0.0,1.0,0.9600000000000001,0.06728499430108631
1.0,0.974025974025974,0.0,0.0,1.0,0.9800000000000001,0.06747945960253453
1.0,0.974025974025974,0.0,0.0,1.0,1.0,0.06760370132290422
1.0,0.974025974025974,1.0,0.0,0.0,0.0,0.9100868071498409
1.0,0.974025974025974,1.0,0.0,0.0,0.020000000000000018,0.9084554593432475
1.0,0.974025974025974,1.0,0.0,0.0,0.039999999999999925,0.9063379482830334
1.0,0.974025974025974,1.0,0.0,0.0,0.06000000000000005,0.9042042317810322
1.0,0.974025974025974,1.0,0.0,0.0,0.07999999999999996,0.9018166300243622
1.0,0.974025974025974,1.0,0.0,0.0,0.09999999999999998,0.8990130885951502
1.0,0.974025974025974,1.0,0.0,0.0,0.12,0.8957720002376797
1.0,0.974025974025974,1.0,0.0,0.0,0.14,0.8917584524883455
1.0,0.974025974025974,1.0,0.0,0.0,0.16000000000000003,0.8868860163242815
1.0,0.974025974025974,1.0,0.0,0.0,0.18,0.8814679969533767
1.0,0.974025974025974,1.0,0.0,0.0,0.2,0.8742403699162178
1.0,0.974025974025974,1.0,0.0,0.0,0.22000000000000003,0.8652139388406626
1.0,0.974025974025974,1.0,0.0,0.0,0.24000000000000005,0.8527411504783307
1.0,0.974025974025974,1.0,0.0,0.0,0.26,0.8359090982752007
1.0,0.974025974025974,1.0,0.0,0.0,0.27999999999999997,0.8113038358280711
1.0,0.974025974025974,1.0,0.0,0.0,0.30000000000000004,0.772880733350259
1.0,0.974025974025974,1.0,0.0,0.0,0.32,0.7082588333162276
1.0,0.974025974025974,1.0,0.0,0.0,0.34,0.5947775262933293
1.0,0.974025974025974,1.0,0.0,0.0,0.36000000000000004,0.4131847474381897
1.0,0.974025974025974,1.0,0.0,0.0,0.38,0.24071023049540036
1.0,0.974025974025974,1.0,0.0,0.0,0.4,0.14440128995316626
1.0,0.974025974025974,1.0,0.0,0.0,0.42000000000000004,0.10241839209606587
1.0,0.974025974025974,1.0,0.0,0.0,0.44000000000000006,0.0838631612495476
1.0,0.974025974025974,1.0,0.0,0.0,0.46,0.07383739459710571
1.0,0.974025974025974,1.0,0.0,0.0,0.48000000000000004,0.06885152034053035
1.0,0.974025974025974,1.0,0.0,0.0,0.5,0.06788459564721833
1.0,0.974025974025974,1.0,0.0,0.0,0.52,0.06771173760148658
1.0,0.974025974025974,1.0,0.0,0.0,0.54,0.06759829950897511
1.0,0.974025974025974,1.0,0.0,0.0,0.56,0.06761990676469158
1.0,0.974025974025974,1.0,0.0,0.0,0.5800000000000001,0.06772254122934482
1.0,0.974025974025974,1.0,0.0,0.0,0.6000000000000001,0.06772794304327394
1.0,0.974025974025974,1.0,0.0,0.0,0.62,0.06785218476364363
1.0,0.974025974025974,1.0,0.0,0.0,0.64,0.0678737920193601
1.0,0.974025974025974,1.0,0.0,0.0,0.66,0.06797102467008422
1.0,0.974025974025974,1.0,0.0,0.0,0.68,0.06798723011187156
1.0,0.974025974025974,1.0,0.0,0.0,0.7000000000000001,0.06819790085510714
1.0,0.974025974025974,1.0,0.0,0.0,0.7200000000000001,0.06812767727402862
1.0,0.974025974025974,1.0,0.0,0.0,0.74,0.06831133894761861
1.0,0.974025974025974,1.0,0.0,0.0,0.76,0.06831133894761861
1.0,0.974025974025974,1.0,0.0,0.0,0.78,0.06835995527298067
1.0,0.974025974025974,1.0,0.0,0.0,0.8,0.06844638429584654
1.0,0.974025974025974,1.0,0.0,0.0,0.8200000000000001,0.06861384052764918
1.0,0.974025974025974,1.0,0.0,0.0,0.8400000000000001,0.068651653225153
1.0,0.974025974025974,1.0,0.0,0.0,0.8600000000000001,0.06867326048086947
1.0,0.974025974025974,1.0,0.0,0.0,0.8800000000000001,0.06878129675945181
1.0,0.974025974025974,1.0,0.0,0.0,0.9000000000000001,0.06868946592265682
1.0,0.974025974025974,1.0,0.0,0.0,0.92,0.06895415480518358
1.0,0.974025974025974,1.0,0.0,0.0,0.9400000000000001,0.06905138745590769
1.0,0.974025974025974,1.0,0.0,0.0,0.9600000000000001,0.06898116387482917
1.0,0.974025974025974,1.0,0.0,0.0,0.9800000000000001,0.06914321829270269
1.0,0.974025974025974,1.0,0.0,0.0,1.0,0.0693376835941509
1.0,0.974025974025974,1.0,0.0,1.0,0.0,0.9947494368608978
1.0,0.974025974025974,1.0,0.0,1.0,0.020000000000000018,0.9934151888204059
1.0,0.974025974025974,1.0,0.0,1.0,0.039999999999999925,0.9922159861281419
1.0,0.974025974025974,1.0,0.0,1.0,0.06000000000000005,0.9908115145065712
1.0,0.974025974025974,1.0,0.0,1.0,0.07999999999999996,0.989369230187497
1.0,0.974025974025974,1.0,0.0,1.0,0.09999999999999998,0.9877486860087616
1.0,0.974025974025974,1.0,0.0,1.0,0.12,0.9859174710867911
1.0,0.974025974025974,1.0,0.0,1.0,0.14,0.9837837545847896
1.0,0.974025974025974,1.0,0.0,1.0,0.16000000000000003,0.9816392344549301
1.0,0.974025974025974,1.0,0.0,1.0,0.18,0.9789923456296625
1.0,0.974025974025974,1.0,0.0,1.0,0.2,0.9756864355050427
1.0,0.974025974025974,1.0,0.0,1.0,0.22000000000000003,0.9723427126829189
1.0,0.974025974025974,1.0,0.0,1.0,0.24000000000000005,0.967978047028192
1.0,0.974025974025974,1.0,0.0,1.0,0.26,0.9630569945387659
1.0,0.974025974025974,1.0,0.0,1.0,0.27999999999999997,0.9568070958227772
1.0,0.974025974025974,1.0,0.0,1.0,0.30000000000000004,0.949071698276281
1.0,0.974025974025974,1.0,0.0,1.0,0.32,0.9392295932974293
1.0,0.974025974025974,1.0,0.0,1.0,0.34,0.9258114874975016
1.0,0.974025974025974,1.0,0.0,1.0,0.36000000000000004,0.9070023713963147
1.0,0.974025974025974,1.0,0.0,1.0,0.38,0.8786212410127321
1.0,0.974025974025974,1.0,0.0,1.0,0.4,0.8322304629894717
1.0,0.974025974025974,1.0,0.0,1.0,0.42000000000000004,0.7489452958303398
1.0,0.974025974025974,1.0,0.0,1.0,0.44000000000000006,0.5895431685960144
1.0,0.974025974025974,1.0,0.0,1.0,0.46,0.3478282007097983
1.0,0.974025974025974,1.0,0.0,1.0,0.48000000000000004,0.17954549137600406
1.0,0.974025974025974,1.0,0.0,1.0,0.5,0.11572305980348199
1.0,0.974025974025974,1.0,0.0,1.0,0.52,0.0930300394872598
1.0,0.974025974025974,1.0,0.0,1.0,0.54,0.08256672590655942
1.0,0.974025974025974,1.0,0.0,1.0,0.56,0.07257337013769223
1.0,0.974025974025974,1.0,0.0,1.0,0.5800000000000001,0.07045045726354911
1.0,0.974025974025974,1.0,0.0,1.0,0.6000000000000001,0.0703586264267541
1.0,0.974025974025974,1.0,0.0,1.0,0.62,0.07066112800678469
1.0,0.974025974025974,1.0,0.0,1.0,0.64,0.07115269307433436
1.0,0.974025974025974,1.0,0.0,1.0,0.66,0.07175769623439551
1.0,0.974025974025974,1.0,0.0,1.0,0.68,0.0722546631158743
1.0,0.974025974025974,1.0,0.0,1.0,0.7000000000000001,0.07276783543914046
1.0,0.974025974025974,1.0,0.0,1.0,0.7200000000000001,0.07336743678527248
1.0,0.974025974025974,1.0,0.0,1.0,0.74,0.07397784175926277
1.0,0.974025974025974,1.0,0.0,1.0,0.76,0.07448021045467067
1.0,0.974025974025974,1.0,0.0,1.0,0.78,0.07502039184758243
1.0,0.974025974025974,1.0,0.0,1.0,0.8,0.07546874240369915
1.0,0.974025974025974,1.0,0.0,1.0,0.8200000000000001,0.07604673649411474
1.0,0.974025974025974,1.0,0.0,1.0,0.8400000000000001,0.0764464707248694
1.0,0.974025974025974,1.0,0.0,1.0,0.8600000000000001,0.07693803579241909
1.0,0.974025974025974,1.0,0.0,1.0,0.8800000000000001,0.0776564770449917
1.0,0.974025974025974,1.0,0.0,1.0,0.9000000000000001,0.07815884574039964
1.0,0.974025974025974,1.0,0.0,1.0,0.92,0.0786179999243746
1.0,0.974025974025974,1.0,0.0,1.0,0.9400000000000001,0.07927161940979781
1.0,0.974025974025974,1.0,0.0,1.0,0.9600000000000001,0.07983340805842601
1.0,0.974025974025974,1.0,0.0,1.0,0.9800000000000001,0.08034117856776306
1.0,0.974025974025974,1.0,0.0,1.0,1.0,0.08090296721639126
